store,Sum of longitude,Sum of latitude
"McDonalds [WM]-Anaheim,CA",-117.941454,33.836954
"McDonalds [WM]-Antelope,CA",-121.39205,38.71235
"McDonalds [WM]-Antioch,CA",-121.76432,37.96213
"McDonalds [WM]-Arroyo Grande,CA",-120.59721,35.1267
"McDonalds [WM]-Bakersfield,CA",-357.08483,106.09235
"McDonalds [WM]-Barstow,CA",-116.99359,34.88179
"McDonalds [WM]-Brea,CA",-117.847619,33.90719
"McDonalds [WM]-Buena Park,CA",-117.98627,33.84662
"McDonalds [WM]-Ceres,CA",-120.93861,37.60669
"McDonalds [WM]-Cerritos,CA",-118.0614,33.87046
"McDonalds [WM]-Chico,CA",-121.841985,39.73201
"McDonalds [WM]-Chula Vista,CA",-117.09503,32.64557
"McDonalds [WM]-Clovis,CA",-119.716348,36.808697
"McDonalds [WM]-Corona,CA",-117.540752,33.845746
"McDonalds [WM]-Covina,CA",-117.907921,34.102707
"McDonalds [WM]-Dinuba,CA",-119.385689,36.544239
"McDonalds [WM]-Duarte,CA",-117.98616,34.13412
"McDonalds [WM]-El Cajon,CA",-116.901472,32.825293
"McDonalds [WM]-Elk Grove,CA",-121.39156,38.40931
"McDonalds [WM]-Fairfield,CA",-122.08376,38.23732
"McDonalds [WM]-Folsom,CA",-121.16646,38.67084
"McDonalds [WM]-Fontana,CA",-117.428386,34.106512
"McDonalds [WM]-Fremont,CA",-121.986527,37.519048
"McDonalds [WM]-Fresno,CA",-359.366727,110.285292
"McDonalds [WM]-Gilroy,CA",-121.557039,37.0051
"McDonalds [WM]-Hanford,CA",-119.672894,36.337905
"McDonalds [WM]-Highland,CA",-117.19719,34.13594
"McDonalds [WM]-Huntington Beach,CA",-117.98307,33.70107
"McDonalds [WM]-La Mesa,CA",-117.00975,32.77981
"McDonalds [WM]-La Quinta,CA",-116.294309,33.71461
"McDonalds [WM]-Laguna Niguel,CA",-117.71539,33.5636
"McDonalds [WM]-Lake Elsinore,CA",-117.29429,33.65894
"McDonalds [WM]-Lakewood,CA",-118.156575,33.832213
"McDonalds [WM]-Lancaster,CA",-118.0984,34.68973
"McDonalds [WM]-Lodi,CA",-121.30381,38.115258
"McDonalds [WM]-Lompoc,CA",-120.465633,34.661022
"McDonalds [WM]-Long Beach,CA",-236.282654,67.604332
"McDonalds [WM]-Los Angeles,CA",-236.909348,68.048027
"McDonalds [WM]-Los Banos,CA",-120.88048,37.05665
"McDonalds [WM]-Madera,CA",-120.08107,36.97478
"McDonalds [WM]-Manteca,CA",-121.21621,37.78639
"McDonalds [WM]-Martinez,CA",-122.10925,37.99579
"McDonalds [WM]-Merced,CA",-120.49979,37.31765
"McDonalds [WM]-Milpitas,CA",-121.91953,37.43124
"McDonalds [WM]-Modesto,CA",-121.03562,37.67187
"McDonalds [WM]-Mountain View,CA",-122.10892,37.40054
"McDonalds [WM]-Murrieta,CA",-117.19521,33.55312
"McDonalds [WM]-Oakland,CA",-122.235969,37.776645
"McDonalds [WM]-Oceanside,CA",-234.679054,66.37485
"McDonalds [WM]-Orange,CA",-117.836293,33.827813
"McDonalds [WM]-Oxnard,CA",-119.15846,34.22009
"McDonalds [WM]-Palmdale,CA",-236.161582,69.13518
"McDonalds [WM]-Paramount,CA",-118.14304,33.902282
"McDonalds [WM]-Paso Robles,CA",-120.681597,35.613006
"McDonalds [WM]-Perris,CA",-117.22636,33.8187
"McDonalds [WM]-Pico Rivera,CA",-118.10391,33.98668
"McDonalds [WM]-Pittsburg,CA",-121.87003,38.00968
"McDonalds [WM]-Pleasanton,CA",-121.8841,37.70029
"McDonalds [WM]-Pomona,CA",-117.76163,34.02758
"McDonalds [WM]-Porter Ranch,CA",-118.56678,34.27525
"McDonalds [WM]-Porterville,CA",-119.04535,36.08054
"McDonalds [WM]-Poway,CA",-117.04039,32.95898
"McDonalds [WM]-Rancho Cordova,CA",-121.290806,38.595263
"McDonalds [WM]-Rancho Cucamonga,CA",-117.5293,34.10608
"McDonalds [WM]-Red Bluff,CA",-122.228227,40.162945
"McDonalds [WM]-Redding,CA",-122.343881,40.585561
"McDonalds [WM]-Redlands,CA",-117.22401,34.06324
"McDonalds [WM]-Rialto,CA",-117.370538,34.07268
"McDonalds [WM]-Riverside,CA",-234.73786,67.878159
"McDonalds [WM]-Rocklin,CA",-121.234404,38.790075
"McDonalds [WM]-Rohnert Park,CA",-122.71492,38.36853
"McDonalds [WM]-Rosemead,CA",-118.076538,34.0807
"McDonalds [WM]-Roseville,CA",-121.25787,38.74852
"McDonalds [WM]-Sacramento,CA",-242.832409,77.34392
"McDonalds [WM]-Salinas,CA",-121.66651,36.70591
"McDonalds [WM]-San Diego,CA",-351.201462,98.127498
"McDonalds [WM]-San Dimas,CA",-117.803839,34.10668
"McDonalds [WM]-San Jose,CA",-121.800319,37.254718
"McDonalds [WM]-San Leandro,CA",-122.18078,37.71798
"McDonalds [WM]-Santa Ana,CA",-117.917253,33.738198
"McDonalds [WM]-Santa Clarita,CA",-237.07548,68.796613
"McDonalds [WM]-Santa Fe Springs,CA",-118.049172,33.940738
"McDonalds [WM]-Santa Maria,CA",-120.42175,34.92025
"McDonalds [WM]-Santee,CA",-116.98764,32.84244
"McDonalds [WM]-Simi Valley,CA",-118.80007,34.28366
"McDonalds [WM]-Stockton,CA",-121.274908,38.021288
"McDonalds [WM]-Temecula,CA",-117.095774,33.481572
"McDonalds [WM]-Tracy,CA",-121.47233,37.75389
"McDonalds [WM]-Tulare,CA",-119.330334,36.226125
"McDonalds [WM]-Turlock,CA",-120.87221,37.5074
"McDonalds [WM]-Union City,CA",-122.06915,37.604
"McDonalds [WM]-Upland,CA",-117.67859,34.10678
"McDonalds [WM]-Vacaville,CA",-121.95876,38.36295
"McDonalds [WM]-Victorville,CA",-117.33086,34.4707
"McDonalds [WM]-Visalia,CA",-119.272547,36.32599
"McDonalds [WM]-Westminster,CA",-117.99014,33.7659
"McDonalds [WM]-Windsor,CA",-122.79018,38.52687
"McDonalds [WM]-Yuba City,CA",-121.615984,39.14125
"McDonalds [WM]-Yucca Valley,CA",-116.398394,34.127829
"McDonalds PlayPlace]-Lemon Grove,CA",-117.043548,32.742741
"McDonalds PlayPlace-Alameda,CA",-122.27618,37.77154
"McDonalds PlayPlace-Alhambra,CA",-118.11768,34.09967
"McDonalds PlayPlace-Anaheim,CA",-589.710298,169.159103
"McDonalds PlayPlace-Anderson,CA",-122.293786,40.455695
"McDonalds PlayPlace-Antelope,CA",-121.36459,38.71229
"McDonalds PlayPlace-Antioch,CA",-243.61768,75.97082
"McDonalds PlayPlace-Apple Valley,CA",-234.467129,68.998352
"McDonalds PlayPlace-Arcata,CA",-124.083452,40.902927
"McDonalds PlayPlace-Arleta,CA",-118.437863,34.233209
"McDonalds PlayPlace-Arroyo Grande,CA",-120.586357,35.120622
"McDonalds PlayPlace-Artesia,CA",-118.08247,33.87181
"McDonalds PlayPlace-Atascadero,CA",-120.665588,35.484146
"McDonalds PlayPlace-Atwater,CA",-120.59659,37.360649
"McDonalds PlayPlace-Avocado Heights,CA",-117.990474,34.03589
"McDonalds PlayPlace-Azusa,CA",-117.88631,34.12854
"McDonalds PlayPlace-Bakersfield,CA",-118.96722,35.39716
"McDonalds PlayPlace-Baldwin Park,CA",-235.92732,68.15699
"McDonalds PlayPlace-Banning,CA",-116.90025,33.92537
"McDonalds PlayPlace-Barstow,CA",-117.08735,34.85513
"McDonalds PlayPlace-Bay Point,CA",-121.94202,38.02126
"McDonalds PlayPlace-Beaumont,CA",-116.9773,33.92805
"McDonalds PlayPlace-Bellflower,CA",-118.14253,33.88723
"McDonalds PlayPlace-Belmont,CA",-122.28178,37.52506
"McDonalds PlayPlace-Bishop,CA",-118.395189,37.365534
"McDonalds PlayPlace-Blythe,CA",-114.60565,33.60871
"McDonalds PlayPlace-Bonita,CA",-117.03417,32.66046
"McDonalds PlayPlace-Brawley,CA",-115.54191,32.97876
"McDonalds PlayPlace-Brea,CA",-235.75841,67.825117
"McDonalds PlayPlace-Brentwood,CA",-121.69631,37.94752
"McDonalds PlayPlace-Buellton,CA",-120.18869,34.61304
"McDonalds PlayPlace-Buena Park,CA",-236.009013,67.733289
"McDonalds PlayPlace-Burbank,CA",-236.64196,68.35537
"McDonalds PlayPlace-Calexico,CA",-115.498464,32.672431
"McDonalds PlayPlace-Camarillo,CA",-119.03881,34.23444
"McDonalds PlayPlace-Camp Pendleton South,CA",-117.35998,33.19782
"McDonalds PlayPlace-Canoga Park,CA",-118.6067,34.21949
"McDonalds PlayPlace-Carlsbad,CA",-117.32461,33.12305
"McDonalds PlayPlace-Carmichael,CA",-121.32832,38.6341
"McDonalds PlayPlace-Carson,CA",-118.26345,33.82969
"McDonalds PlayPlace-Castaic,CA",-118.622653,34.496554
"McDonalds PlayPlace-Castro Valley,CA",-122.0899,37.69192
"McDonalds PlayPlace-Cathedral City,CA",-116.455409,33.86113
"McDonalds PlayPlace-Ceres,CA",-120.93858,37.60908
"McDonalds PlayPlace-Chatsworth,CA",-118.58937,34.25709
"McDonalds PlayPlace-Chico,CA",-243.652191,79.47628
"McDonalds PlayPlace-Chino Hills,CA",-235.4425,67.94749
"McDonalds PlayPlace-Chino,CA",-117.68909,34.02416
"McDonalds PlayPlace-Chula Vista,CA",-702.31995,195.761557
"McDonalds PlayPlace-Citrus Heights,CA",-242.58435,77.41293
"McDonalds PlayPlace-City of Commerce,CA",-118.14185,33.99586
"McDonalds PlayPlace-Clovis,CA",-239.428172,73.689399
"McDonalds PlayPlace-Coalinga,CA",-120.363473,36.13662
"McDonalds PlayPlace-Colton,CA",-117.309161,34.047672
"McDonalds PlayPlace-Compton,CA",-236.428948,67.794517
"McDonalds PlayPlace-Concord,CA",-244.02865,75.91709
"McDonalds PlayPlace-Corning,CA",-122.198442,39.904952
"McDonalds PlayPlace-Corona,CA",-352.6474,101.63449
"McDonalds PlayPlace-Costa Mesa,CA",-353.76373,100.98592
"McDonalds PlayPlace-Covina,CA",-235.780276,68.183007
"McDonalds PlayPlace-Crescent City,CA",-124.194042,41.754992
"McDonalds PlayPlace-Crestline,CA",-117.26585,34.24558
"McDonalds PlayPlace-Culver City,CA",-118.40329,34.00077
"McDonalds PlayPlace-Cupertino,CA",-122.04128,37.3371
"McDonalds PlayPlace-Cypress,CA",-118.028459,33.815503
"McDonalds PlayPlace-Dana Point,CA",-117.68967,33.4655
"McDonalds PlayPlace-Davis,CA",-121.69702,38.5507
"McDonalds PlayPlace-Delano,CA",-119.24648,35.77608
"McDonalds PlayPlace-Diamond Bar,CA",-117.81087,34.02163
"McDonalds PlayPlace-Dinuba,CA",-119.376468,36.54557
"McDonalds PlayPlace-Dixon,CA",-121.84173,38.45735
"McDonalds PlayPlace-Downey,CA",-118.14813,33.92889
"McDonalds PlayPlace-Duarte,CA",-117.98135,34.13945
"McDonalds PlayPlace-Dublin,CA",-121.9232,37.70636
"McDonalds PlayPlace-East Hemet,CA",-116.95267,33.7475
"McDonalds PlayPlace-East La Mirada,CA",-117.994,33.93086
"McDonalds PlayPlace-East Los Angeles,CA",-354.488102,102.085557
"McDonalds PlayPlace-El Cajon,CA",-467.728217,131.243507
"McDonalds PlayPlace-El Centro,CA",-115.5697,32.7954
"McDonalds PlayPlace-El Monte,CA",-236.05332,68.16135
"McDonalds PlayPlace-Elk Grove,CA",-242.79747,76.83254
"McDonalds PlayPlace-Encinitas,CA",-234.52463,66.11298
"McDonalds PlayPlace-Encino,CA",-118.5174,34.16222
"McDonalds PlayPlace-Escondido,CA",-585.371357,165.504207
"McDonalds PlayPlace-Eureka,CA",-124.18995,40.777268
"McDonalds PlayPlace-Fairfield,CA",-122.12587,38.22253
"McDonalds PlayPlace-Fallbrook,CA",-117.2511,33.37316
"McDonalds PlayPlace-Folsom,CA",-363.52994,116.00002
"McDonalds PlayPlace-Fontana,CA",-234.94125,68.14854
"McDonalds PlayPlace-Foothill Ranch,CA",-117.665203,33.680666
"McDonalds PlayPlace-Fortuna,CA",-124.146489,40.583455
"McDonalds PlayPlace-Fountain Valley,CA",-117.953855,33.687548
"McDonalds PlayPlace-Fowler,CA",-119.68331,36.627169
"McDonalds PlayPlace-Fremont,CA",-122.03214,37.57098
"McDonalds PlayPlace-Fresno,CA",-838.546633,257.658508
"McDonalds PlayPlace-Fullerton,CA",-117.9594,33.85865
"McDonalds PlayPlace-Galt,CA",-121.29464,38.25306
"McDonalds PlayPlace-Garden Grove,CA",-707.71915,202.65149
"McDonalds PlayPlace-Gardena,CA",-118.30085,33.89132
"McDonalds PlayPlace-Gilroy,CA",-243.14667,74.01495
"McDonalds PlayPlace-Glendora,CA",-235.471311,68.235807
"McDonalds PlayPlace-Grass Valley,CA",-121.037703,39.237017
"McDonalds PlayPlace-Gridley,CA",-121.688044,39.360061
"McDonalds PlayPlace-Hacienda Heights,CA",-117.96607,34.01162
"McDonalds PlayPlace-Half Moon Bay,CA",-122.43373,37.46862
"McDonalds PlayPlace-Hanford,CA",-119.656479,36.342811
"McDonalds PlayPlace-Hawaiian Gardens,CA",-118.07526,33.83169
"McDonalds PlayPlace-Hawthorne,CA",-236.72021,67.81789
"McDonalds PlayPlace-Hayward,CA",-366.22649,112.92758
"McDonalds PlayPlace-Hercules,CA",-122.27052,38.00898
"McDonalds PlayPlace-Highland Park,CA",-118.19324,34.11892
"McDonalds PlayPlace-Highland,CA",-117.19838,34.12139
"McDonalds PlayPlace-Hollister,CA",-121.38932,36.83704
"McDonalds PlayPlace-Hollywood,CA",-118.37212,34.17227
"McDonalds PlayPlace-Huntington Beach,CA",-235.994133,67.347502
"McDonalds PlayPlace-Huntington Park,CA",-118.23135,33.97489
"McDonalds PlayPlace-Imperial Beach,CA",-117.10978,32.58365
"McDonalds PlayPlace-Indio,CA",-232.457649,67.45262
"McDonalds PlayPlace-Industry,CA",-117.91219,33.98973
"McDonalds PlayPlace-Inglewood,CA",-355.0276,101.82432
"McDonalds PlayPlace-Irvine,CA",-235.587661,67.364648
"McDonalds PlayPlace-Irwindale,CA",-117.934158,34.104561
"McDonalds PlayPlace-La Canada Flintridge,CA",-118.18776,34.19897
"McDonalds PlayPlace-La Habra,CA",-117.9697,33.9149
"McDonalds PlayPlace-La Mesa,CA",-233.98607,65.52241
"McDonalds PlayPlace-La Palma,CA",-118.04512,33.85853
"McDonalds PlayPlace-La Puente,CA",-117.94323,34.05093
"McDonalds PlayPlace-La Quinta,CA",-116.289559,33.71039
"McDonalds PlayPlace-La Verne,CA",-117.7624,34.11265
"McDonalds PlayPlace-Ladera Ranch,CA",-117.62929,33.56284
"McDonalds PlayPlace-Lafayette,CA",-122.11392,37.89254
"McDonalds PlayPlace-Laguna Hills,CA",-117.6757,33.59527
"McDonalds PlayPlace-Laguna Niguel,CA",-235.39381,67.08993
"McDonalds PlayPlace-Lake Elsinore,CA",-117.29967,33.65959
"McDonalds PlayPlace-Lake Forest,CA",-117.71592,33.627937
"McDonalds PlayPlace-Lakeport,CA",-122.92516,39.03251
"McDonalds PlayPlace-Lakeside,CA",-116.9312,32.85259
"McDonalds PlayPlace-Lakewood,CA",-118.10059,33.83244
"McDonalds PlayPlace-Lamont,CA",-118.914624,35.261762
"McDonalds PlayPlace-Lancaster,CA",-236.184751,69.386445
"McDonalds PlayPlace-Lathrop,CA",-121.29041,37.81164
"McDonalds PlayPlace-Lawndale,CA",-118.3522,33.88939
"McDonalds PlayPlace-Lincoln,CA",-121.299697,38.901487
"McDonalds PlayPlace-Livermore,CA",-121.7775,37.68271
"McDonalds PlayPlace-Livingston,CA",-120.73772,37.38837
"McDonalds PlayPlace-Lodi,CA",-121.2569,38.11644
"McDonalds PlayPlace-Lompoc,CA",-120.45788,34.6508
"McDonalds PlayPlace-Long Beach,CA",-590.89398,169.05619
"McDonalds PlayPlace-Los Alamitos,CA",-118.070858,33.802903
"McDonalds PlayPlace-Los Angeles,CA",-3903.209171,1122.980879
"McDonalds PlayPlace-Los Banos,CA",-120.86652,37.05669
"McDonalds PlayPlace-Los Gatos,CA",-121.959429,37.243666
"McDonalds PlayPlace-Lynwood,CA",-118.21125,33.93019
"McDonalds PlayPlace-Madera,CA",-120.084419,36.97455
"McDonalds PlayPlace-Mammouth Lakes,CA",-118.979786,37.648682
"McDonalds PlayPlace-Manteca,CA",-121.19575,37.79764
"McDonalds PlayPlace-Marina,CA",-121.79469,36.68544
"McDonalds PlayPlace-Martell,CA",-120.797891,38.370907
"McDonalds PlayPlace-Martinez,CA",-122.10155,37.99398
"McDonalds PlayPlace-Marysville,CA",-121.59045,39.13824
"McDonalds PlayPlace-McKinleyville,CA",-124.102405,40.932791
"McDonalds PlayPlace-Merced,CA",-120.47327,37.31874
"McDonalds PlayPlace-Milpitas,CA",-243.81219,74.89178
"McDonalds PlayPlace-Mission Hills,CA",-118.46729,34.26988
"McDonalds PlayPlace-Mission Viejo,CA",-235.30737,67.27343
"McDonalds PlayPlace-Modesto,CA",-604.94441,188.2577
"McDonalds PlayPlace-Montclair,CA",-235.405326,68.144966
"McDonalds PlayPlace-Montebello,CA",-118.121102,34.020633
"McDonalds PlayPlace-Moorpark,CA",-118.874123,34.279079
"McDonalds PlayPlace-Moreno Valley,CA",-234.46217,67.85891
"McDonalds PlayPlace-Morgan Hill,CA",-121.63131,37.13402
"McDonalds PlayPlace-Mountain View,CA",-122.09599,37.39135
"McDonalds PlayPlace-Murrieta,CA",-234.32436,67.121594
"McDonalds PlayPlace-National City,CA",-234.179093,65.348593
"McDonalds PlayPlace-Newark,CA",-244.05213,75.07568
"McDonalds PlayPlace-Newhall,CA",-118.56701,34.37816
"McDonalds PlayPlace-Norco,CA",-235.116468,67.83636
"McDonalds PlayPlace-North Hills,CA",-236.96795,68.45563
"McDonalds PlayPlace-North Hollywood,CA",-473.55906,136.80744
"McDonalds PlayPlace-Northridge,CA",-237.09018,68.48646
"McDonalds PlayPlace-Norwalk,CA",-354.2348,101.70867
"McDonalds PlayPlace-Novato,CA",-122.57014,38.10698
"McDonalds PlayPlace-Oakland,CA",-244.5201,75.63039
"McDonalds PlayPlace-Oakley,CA",-121.75217,38.00525
"McDonalds PlayPlace-Oceanside,CA",-821.16096,232.416463
"McDonalds PlayPlace-Ontario,CA",-352.8945,102.18018
"McDonalds PlayPlace-Orange,CA",-235.6448,67.61662
"McDonalds PlayPlace-Oxnard,CA",-119.177332,34.17136
"McDonalds PlayPlace-Pacoima,CA",-236.84553,68.5326
"McDonalds PlayPlace-Palm Desert,CA",-116.3955,33.72148
"McDonalds PlayPlace-Palm Springs,CA",-116.527884,33.844678
"McDonalds PlayPlace-Palmdale,CA",-118.12875,34.58019
"McDonalds PlayPlace-Palo Alto,CA",-122.17025,37.44281
"McDonalds PlayPlace-Panorama City,CA",-236.89848,68.43998
"McDonalds PlayPlace-Pasadena,CA",-118.13264,34.15949
"McDonalds PlayPlace-Paso Robles,CA",-120.681738,35.614715
"McDonalds PlayPlace-Patterson,CA",-121.14109,37.46446
"McDonalds PlayPlace-Perris,CA",-234.45049,67.64816
"McDonalds PlayPlace-Phelan,CA",-117.57424,34.42618
"McDonalds PlayPlace-Pico Rivera,CA",-236.18499,67.97191
"McDonalds PlayPlace-Pinole,CA",-122.30396,37.99571
"McDonalds PlayPlace-Placentia,CA",-117.87801,33.87355
"McDonalds PlayPlace-Placerville,CA",-120.78784,38.73091
"McDonalds PlayPlace-Pleasant Hill,CA",-122.06702,37.97486
"McDonalds PlayPlace-Pleasanton,CA",-121.85806,37.67022
"McDonalds PlayPlace-Pomona,CA",-235.50582,68.12148
"McDonalds PlayPlace-Port Hueneme,CA",-119.208877,34.176136
"McDonalds PlayPlace-Porterville,CA",-119.04816,36.08025
"McDonalds PlayPlace-Poway,CA",-117.05994,32.95237
"McDonalds PlayPlace-Ramona,CA",-116.8772,33.03706
"McDonalds PlayPlace-Rancho Cordova,CA",-121.26946,38.61515
"McDonalds PlayPlace-Rancho Cucamonga,CA",-235.16997,68.24391
"McDonalds PlayPlace-Rancho San Diego,CA",-116.932894,32.744066
"McDonalds PlayPlace-Rancho Santa Margarita,CA",-117.596,33.64339
"McDonalds PlayPlace-Red Bluff,CA",-122.221136,40.182292
"McDonalds PlayPlace-Redlands,CA",-351.524098,102.18809
"McDonalds PlayPlace-Redondo Beach,CA",-118.35284,33.87076
"McDonalds PlayPlace-Redwood City,CA",-122.22392,37.47931
"McDonalds PlayPlace-Reedley,CA",-119.457861,36.603622
"McDonalds PlayPlace-Reseda,CA",-118.54198,34.20133
"McDonalds PlayPlace-Rialto,CA",-352.10749,102.30017
"McDonalds PlayPlace-Richmond,CA",-122.32181,37.98177
"McDonalds PlayPlace-Ridgecrest,CA",-117.66975,35.62351
"McDonalds PlayPlace-Riverside,CA",-586.941217,169.685891
"McDonalds PlayPlace-Rohnert Park,CA",-122.71189,38.34458
"McDonalds PlayPlace-Rosemead,CA",-236.18841,68.14311
"McDonalds PlayPlace-Rosemont,CA",-121.3364,38.55656
"McDonalds PlayPlace-Roseville,CA",-363.84959,116.27964
"McDonalds PlayPlace-Rowland Heights,CA",-117.87074,33.9865
"McDonalds PlayPlace-Rubidoux,CA",-117.435297,34.011121
"McDonalds PlayPlace-Sacramento,CA",-849.813985,270.149118
"McDonalds PlayPlace-Salida,CA",-121.07439,37.70078
"McDonalds PlayPlace-Salinas,CA",-121.65319,36.70469
"McDonalds PlayPlace-San Bernardino,CA",-586.480133,170.72436
"McDonalds PlayPlace-San Carlos,CA",-122.26566,37.51126
"McDonalds PlayPlace-San Clemente,CA",-117.61983,33.4397
"McDonalds PlayPlace-San Diego,CA",-2459.816077,689.080826
"McDonalds PlayPlace-San Fernando,CA",-236.87615,68.57945
"McDonalds PlayPlace-San Francisco,CA",-367.254,113.19376
"McDonalds PlayPlace-San Jacinto,CA",-116.971377,33.795269
"McDonalds PlayPlace-San Jose,CA",-974.96004,298.5543
"McDonalds PlayPlace-San Juan Capistrano,CA",-117.65975,33.49997
"McDonalds PlayPlace-San Leandro,CA",-122.13262,37.70792
"McDonalds PlayPlace-San Marcos,CA",-234.326499,66.29575
"McDonalds PlayPlace-San Pablo,CA",-244.6696,75.92963
"McDonalds PlayPlace-San Pedro,CA",-118.29243,33.74141
"McDonalds PlayPlace-San Ramon,CA",-121.9438,37.72712
"McDonalds PlayPlace-San Ysidro,CA",-117.05824,32.55729
"McDonalds PlayPlace-Sanger,CA",-119.557183,36.711652
"McDonalds PlayPlace-Santa Ana,CA",-589.40486,168.59977
"McDonalds PlayPlace-Santa Barbara,CA",-119.752392,34.440601
"McDonalds PlayPlace-Santa Clara,CA",-243.95243,74.69024
"McDonalds PlayPlace-Santa Clarita,CA",-237.01762,68.86178
"McDonalds PlayPlace-Santa Maria,CA",-361.307924,104.81037
"McDonalds PlayPlace-Santa Monica,CA",-236.93381,68.03055
"McDonalds PlayPlace-Santa Nella,CA",-121.01567,37.10012
"McDonalds PlayPlace-Santee,CA",-116.9838,32.83797
"McDonalds PlayPlace-Seaside,CA",-121.85606,36.60804
"McDonalds PlayPlace-Selma,CA",-119.625711,36.576447
"McDonalds PlayPlace-Sherman Oaks,CA",-118.4361,34.14887
"McDonalds PlayPlace-Simi Valley,CA",-356.15869,102.83276
"McDonalds PlayPlace-South El Monte,CA",-118.06416,34.06287
"McDonalds PlayPlace-South Gate,CA",-236.3778,67.89417
"McDonalds PlayPlace-South Lake Tahoe,CA",-120.003714,38.912135
"McDonalds PlayPlace-South Pasadena,CA",-118.150017,34.117416
"McDonalds PlayPlace-Spring Valley,CA",-117.0104,32.70529
"McDonalds PlayPlace-Stanton,CA",-117.996239,33.802921
"McDonalds PlayPlace-Stockton,CA",-242.61654,76.02379
"McDonalds PlayPlace-Sun City,CA",-117.19147,33.71416
"McDonalds PlayPlace-Sunland,CA",-118.30627,34.25951
"McDonalds PlayPlace-Susanville,CA",-120.636034,40.410556
"McDonalds PlayPlace-Sylmar,CA",-118.41712,34.29512
"McDonalds PlayPlace-Tehachapi,CA",-118.46796,35.12473
"McDonalds PlayPlace-Temecula,CA",-351.40955,100.51445
"McDonalds PlayPlace-Temple City,CA",-118.05608,34.1075
"McDonalds PlayPlace-Thousand Oaks,CA",-118.86809,34.2011
"McDonalds PlayPlace-Thousand Palms,CA",-116.4022,33.81733
"McDonalds PlayPlace-Torrance,CA",-355.02406,101.52537
"McDonalds PlayPlace-Tracy,CA",-242.88384,75.50075
"McDonalds PlayPlace-Tujunga,CA",-118.2739,34.24506
"McDonalds PlayPlace-Turlock,CA",-241.72095,75.00739
"McDonalds PlayPlace-Tustin,CA",-235.61905,67.47621
"McDonalds PlayPlace-Twentynine Palms,CA",-116.05426,34.13664
"McDonalds PlayPlace-Ukiah,CA",-123.19888,39.15182
"McDonalds PlayPlace-Upland,CA",-117.64948,34.10681
"McDonalds PlayPlace-Vacaville,CA",-243.96772,76.70469
"McDonalds PlayPlace-Vallejo,CA",-244.46486,76.22489
"McDonalds PlayPlace-Van Nuys,CA",-236.94983,68.39319
"McDonalds PlayPlace-Victorville,CA",-117.34593,34.50686
"McDonalds PlayPlace-Visalia,CA",-238.624555,72.638129
"McDonalds PlayPlace-Vista,CA",-234.480555,66.414873
"McDonalds PlayPlace-Watsonville,CA",-121.76957,36.93184
"McDonalds PlayPlace-Weed,CA",-122.379989,41.398372
"McDonalds PlayPlace-West Covina,CA",-235.77076,68.07447
"McDonalds PlayPlace-West Hills,CA",-118.64308,34.18866
"McDonalds PlayPlace-Whittier,CA",-472.16176,135.85784
"McDonalds PlayPlace-Williams,CA",-122.14644,39.15634
"McDonalds PlayPlace-Willits,CA",-123.349162,39.39482
"McDonalds PlayPlace-Windsor,CA",-122.816824,38.5415
"McDonalds PlayPlace-Woodland,CA",-121.75143,38.67711
"McDonalds PlayPlace-Yorba Linda,CA",-235.556212,67.761673
"McDonalds PlayPlace-Yreka,CA",-122.645181,41.703099
"McDonalds PlayPlace-Yuba City,CA",-243.284774,78.284618
"McDonalds PlayPlace-Yucaipa,CA",-117.07114,34.03417
"McDonalds PlayPlace-Yucca Valley,CA",-116.40743,34.12567
"McDonalds-Acton,CA",-118.1971,34.49299
"McDonalds-Agoura Hills,CA",-118.76018,34.14679
"McDonalds-Alameda,CA",-122.25385,37.75583
"McDonalds-Alhambra,CA",-118.13937,34.07743
"McDonalds-Alpine,CA",-116.706509,32.8409
"McDonalds-Altadena,CA",-118.09812,34.16861
"McDonalds-American Canyon,CA",-122.255439,38.18492
"McDonalds-Anaheim,CA",-471.673064,135.270725
"McDonalds-Antioch,CA",-121.78578,37.9888
"McDonalds-Arcadia,CA",-236.08088,68.28653
"McDonalds-Arden Arcade,CA",-121.38454,38.59566
"McDonalds-Arvin,CA",-118.832953,35.2093
"McDonalds-Ashland,CA",-122.11124,37.69328
"McDonalds-Auburn,CA",-242.15179,77.86438
"McDonalds-Bakersfield,CA",-1904.667235,565.643899
"McDonalds-Baldwin Park,CA",-117.97844,34.07049
"McDonalds-Barstow,CA",-116.99933,34.8912
"McDonalds-Beaumont,CA",-116.975059,33.929375
"McDonalds-Bell Gardens,CA",-118.16422,33.96798
"McDonalds-Bellflower,CA",-118.15086,33.87489
"McDonalds-Benicia,CA",-244.342478,76.136501
"McDonalds-Berkeley,CA",-244.56501,75.75459
"McDonalds-Big Bear Lake,CA",-116.898639,34.243585
"McDonalds-Blue Jay,CA",-117.20844,34.24727
"McDonalds-Bonsall,CA",-117.22583,33.28988
"McDonalds-Brentwood,CA",-121.735505,37.925499
"McDonalds-Buena Park,CA",-117.99818,33.849
"McDonalds-Burbank,CA",-354.982514,102.562643
"McDonalds-Burney,CA",-121.65327,40.887862
"McDonalds-Buttonwillow,CA",-119.397537,35.401017
"McDonalds-Cabazon,CA",-116.81894,33.93077
"McDonalds-Calabasas,CA",-118.69826,34.14448
"McDonalds-Calexico,CA",-115.4954,32.66546
"McDonalds-California City,CA",-117.95763,35.12574
"McDonalds-Calimesa,CA",-117.057704,33.994825
"McDonalds-Camarillo,CA",-238.07889,68.436
"McDonalds-Cameron Park,CA",-120.97226,38.65796
"McDonalds-Camp Pendleton,CA",-117.391532,33.222236
"McDonalds-Canoga Park,CA",-118.58826,34.19287
"McDonalds-Capitola,CA",-121.9647,36.97446
"McDonalds-Carlsbad,CA",-117.32703,33.17969
"McDonalds-Carpinteria,CA",-119.51268,34.39645
"McDonalds-Carson,CA",-354.79097,101.52721
"McDonalds-Castro Valley,CA",-122.06359,37.68911
"McDonalds-Cathedral City,CA",-116.48264,33.78838
"McDonalds-Cerritos,CA",-118.09293,33.86399
"McDonalds-Chico,CA",-121.834699,39.738504
"McDonalds-Chino,CA",-117.72249,34.00067
"McDonalds-Chowchilla,CA",-120.256134,37.126001
"McDonalds-Chula Vista,CA",-351.215425,97.876715
"McDonalds-Citrus Heights,CA",-242.61127,77.34345
"McDonalds-City of Bell,CA",-118.20213,33.97953
"McDonalds-City of Industry,CA",-235.863558,67.993472
"McDonalds-Claremont,CA",-117.71905,34.08027
"McDonalds-Clearlake,CA",-122.6176,38.93166
"McDonalds-Cloverdale,CA",-123.01414,38.78573
"McDonalds-Clovis,CA",-119.7188,36.808718
"McDonalds-Coachella,CA",-232.379423,67.410015
"McDonalds-Coalinga,CA",-120.250662,36.25413
"McDonalds-Colfax,CA",-120.950933,39.094137
"McDonalds-Colton,CA",-117.326339,34.06742
"McDonalds-Compton,CA",-236.43096,67.78472
"McDonalds-Concord,CA",-244.10065,75.9419
"McDonalds-Corcoran,CA",-119.57243,36.0979
"McDonalds-Corona,CA",-235.162503,67.716192
"McDonalds-Coronado,CA",-117.189264,32.70449
"McDonalds-Costa Mesa,CA",-235.77165,67.37424
"McDonalds-Cudahy,CA",-118.186212,33.961734
"McDonalds-Daly City,CA",-489.827533,150.743179
"McDonalds-Danville,CA",-121.9217,37.79837
"McDonalds-Davis,CA",-121.75757,38.56061
"McDonalds-Del Mar,CA",-117.249216,32.980525
"McDonalds-Desert Hot Springs,CA",-116.501193,33.94443
"McDonalds-Diamond Bar,CA",-117.8446,33.99995
"McDonalds-Discovery Bay,CA",-121.61944,37.88956
"McDonalds-Downey,CA",-708.757706,203.622462
"McDonalds-Eagle Rock,CA",-118.18803,34.13726
"McDonalds-East Palo Alto,CA",-244.27736,74.93131
"McDonalds-El Cajon,CA",-116.967399,32.806853
"McDonalds-El Centro,CA",-231.126836,65.589293
"McDonalds-El Cerrito,CA",-122.32067,37.92822
"McDonalds-El Dorado Hills,CA",-121.06831,38.64984
"McDonalds-El Monte,CA",-118.0535,34.07915
"McDonalds-El Paso De Robles,CA",-120.68626,35.64267
"McDonalds-El Segundo,CA",-118.39614,33.91634
"McDonalds-El Toro,CA",-117.707529,33.615783
"McDonalds-Elk Grove,CA",-364.287329,115.30312
"McDonalds-Encino,CA",-118.47517,34.15508
"McDonalds-Escondido,CA",-117.0968,33.11709
"McDonalds-Eureka,CA",-124.153259,40.804592
"McDonalds-Exeter,CA",-119.154134,36.29727
"McDonalds-Fair Oaks,CA",-242.49871,77.3275
"McDonalds-Fairfield,CA",-488.2207,153.03517
"McDonalds-Farmersville,CA",-119.214089,36.32657
"McDonalds-Fillmore,CA",-118.933063,34.376434
"McDonalds-Firebaugh,CA",-120.626364,36.638261
"McDonalds-Folsom,CA",-121.12363,38.65463
"McDonalds-Fontana,CA",-469.795232,136.497756
"McDonalds-Foothill Farms,CA",-121.34195,38.6868
"McDonalds-Fort Tejon,CA",-118.94827,34.98458
"McDonalds-Foster City,CA",-122.27148,37.56305
"McDonalds-Fremont,CA",-609.84269,187.66991
"McDonalds-Fresno,CA",-1676.993722,514.894319
"McDonalds-Ft Bragg,CA",-123.80734,39.42387
"McDonalds-Fullerton,CA",-235.88367,67.75118
"McDonalds-Gardena,CA",-591.491629,169.46704
"McDonalds-Gilroy,CA",-121.56298,37.02363
"McDonalds-Glendale,CA",-591.27146,170.78085
"McDonalds-Goleta,CA",-119.87328,34.42707
"McDonalds-Gonzales,CA",-121.43698,36.51384
"McDonalds-Granada Hills,CA",-118.50191,34.28546
"McDonalds-Grover City,CA",-120.612354,35.120971
"McDonalds-Gustine,CA",-121.00015,37.25988
"McDonalds-Hacienda Heights,CA",-117.97308,33.98057
"McDonalds-Hanford,CA",-239.295598,72.655034
"McDonalds-Harbor City,CA",-118.30804,33.78933
"McDonalds-Hayward,CA",-366.29786,112.97049
"McDonalds-Healdsburg,CA",-122.86865,38.60557
"McDonalds-Hemet,CA",-234.002299,67.47664
"McDonalds-Hermosa Beach,CA",-118.3927,33.86324
"McDonalds-Hesperia,CA",-234.63326,68.84628
"McDonalds-Hilmar,CA",-120.84997,37.40368
"McDonalds-Hollister,CA",-121.4015,36.85869
"McDonalds-Hollywood,CA",-473.354413,136.390697
"McDonalds-Huntington Beach,CA",-235.977925,67.408871
"McDonalds-Huntington Park,CA",-354.667572,101.941029
"McDonalds-Inglewood,CA",-118.34451,33.94559
"McDonalds-Irvine,CA",-353.409375,101.007109
"McDonalds-Irwindale,CA",-117.93445,34.10725
"McDonalds-Kerman,CA",-120.061068,36.735098
"McDonalds-Kettleman City,CA",-119.959478,35.98695
"McDonalds-King City,CA",-121.137408,36.203125
"McDonalds-Kingsburg,CA",-119.563512,36.517848
"McDonalds-La Habra,CA",-117.93756,33.93925
"McDonalds-Lake Arrowhead,CA",-117.19001,34.24996
"McDonalds-Lake Elsinore,CA",-117.3406,33.69041
"McDonalds-Lake Forest,CA",-117.70229,33.65506
"McDonalds-Lake Isabella,CA",-118.47383,35.62682
"McDonalds-Lakewood,CA",-590.68483,169.23569
"McDonalds-Lancaster,CA",-590.76755,173.41074
"McDonalds-Lemoore,CA",-239.567327,72.614136
"McDonalds-Lincoln,CA",-121.29298,38.88895
"McDonalds-Lindsay,CA",-119.104883,36.204221
"McDonalds-Littlerock,CA",-117.97872,34.52126
"McDonalds-Livermore,CA",-243.46717,75.41003
"McDonalds-Lodi,CA",-363.97174,114.36029
"McDonalds-Lone Pine,CA",-118.06175,36.602022
"McDonalds-Long Beach,CA",-709.00448,202.85711
"McDonalds-Los Angeles,CA",-5442.110206,1566.909165
"McDonalds-Los Banos,CA",-120.83522,37.05516
"McDonalds-Lost Hills,CA",-119.66098,35.61572
"McDonalds-Lynwood,CA",-118.18269,33.93368
"McDonalds-Madera,CA",-240.120966,73.924579
"McDonalds-Malibu,CA",-118.67479,34.03844
"McDonalds-Manhattan Beach,CA",-236.77321,67.76017
"McDonalds-Manteca,CA",-242.469339,75.62368
"McDonalds-Martinez,CA",-122.13436,38.01834
"McDonalds-Maywood,CA",-118.185694,33.987056
"McDonalds-McFarland,CA",-119.228564,35.674244
"McDonalds-Menlo Park,CA",-122.18307,37.45377
"McDonalds-Merced,CA",-361.432004,111.909106
"McDonalds-Mill Valley,CA",-122.51612,37.89037
"McDonalds-Millbrae,CA",-122.39811,37.60665
"McDonalds-Milpitas,CA",-487.587669,149.669802
"McDonalds-Mission Viejo,CA",-117.658179,33.56354
"McDonalds-Modesto,CA",-725.96983,225.93551
"McDonalds-Mojave,CA",-118.174498,35.055543
"McDonalds-Monrovia,CA",-118.009,34.14013
"McDonalds-Montclair,CA",-117.6946,34.08516
"McDonalds-Montebello,CA",-118.07985,34.03849
"McDonalds-Monterey Park,CA",-118.144274,34.039839
"McDonalds-Monterey,CA",-121.88859,36.59989
"McDonalds-Moorpark,CA",-118.841709,34.29604
"McDonalds-Moreno Valley,CA",-117.205525,33.891854
"McDonalds-Morgan Hill,CA",-243.29647,74.26169
"McDonalds-Morro Bay,CA",-120.842728,35.36769
"McDonalds-Mountain View,CA",-122.09325,37.41956
"McDonalds-Murrieta,CA",-117.198269,33.555507
"McDonalds-Napa,CA",-244.57396,76.60074
"McDonalds-Needles,CA",-114.60976,34.83989
"McDonalds-Newbury Park,CA",-118.94074,34.18827
"McDonalds-Newport Beach,CA",-353.711997,100.888353
"McDonalds-Nipomo,CA",-120.483209,35.0378
"McDonalds-North Highlands,CA",-242.76612,77.34485
"McDonalds-North Hills,CA",-118.46718,34.24929
"McDonalds-North Hollywood,CA",-355.14642,102.53997
"McDonalds-Northridge,CA",-237.03875,68.4854
"McDonalds-Norwalk,CA",-118.10149,33.9173
"McDonalds-Novato,CA",-122.532417,38.061503
"McDonalds-Oakdale,CA",-120.83565,37.77106
"McDonalds-Oakhurst,CA",-119.654429,37.331894
"McDonalds-Oakland,CA",-1099.990753,340.028467
"McDonalds-Oceanside,CA",-352.051751,99.616527
"McDonalds-Oildale,CA",-119.02125,35.40751
"McDonalds-Ojai,CA",-119.289137,34.423748
"McDonalds-Ontario,CA",-352.836928,102.137369
"McDonalds-Orange,CA",-353.56075,101.39415
"McDonalds-Orcutt,CA",-120.4169,34.8649
"McDonalds-Orosi,CA",-119.286734,36.543417
"McDonalds-Oroville,CA",-121.570858,39.49791
"McDonalds-Oxnard,CA",-595.85602,171.0179
"McDonalds-Pacific Grove,CA",-121.92467,36.60757
"McDonalds-Pacifica,CA",-244.99403,75.24665
"McDonalds-Palm Desert,CA",-116.388059,33.80181
"McDonalds-Palm Springs,CA",-233.009109,67.616903
"McDonalds-Palmdale,CA",-590.655019,172.95114
"McDonalds-Palo Alto,CA",-122.13912,37.42128
"McDonalds-Panorama City,CA",-118.45041,34.23587
"McDonalds-Paradise,CA",-121.603049,39.76456
"McDonalds-Paramount,CA",-118.1695,33.88923
"McDonalds-Pasadena,CA",-236.21437,68.29591
"McDonalds-Paso Robles,CA",-120.695016,35.588882
"McDonalds-Petaluma,CA",-245.25008,76.48512
"McDonalds-Phelan,CA",-117.592369,34.44451
"McDonalds-Pico Rivera,CA",-118.09805,33.98387
"McDonalds-Pismo Beach,CA",-120.62859,35.13691
"McDonalds-Pittsburg,CA",-121.88783,38.00806
"McDonalds-Placentia,CA",-117.86443,33.88758
"McDonalds-Placerville,CA",-120.82675,38.70554
"McDonalds-Pleasant Hill,CA",-122.05993,37.9536
"McDonalds-Pleasanton,CA",-243.80364,75.39517
"McDonalds-Pomona,CA",-235.53329,68.13412
"McDonalds-Porterville,CA",-119.01245,36.06501
"McDonalds-Rancho Cordova,CA",-485.07749,154.39683
"McDonalds-Rancho Cucamonga,CA",-117.56006,34.10675
"McDonalds-Rancho Mirage,CA",-116.388572,33.801424
"McDonalds-Redding,CA",-367.111144,121.771211
"McDonalds-Redondo Beach,CA",-118.38693,33.84402
"McDonalds-Redwood City,CA",-244.45901,74.96194
"McDonalds-Richmond,CA",-122.3474,37.9358
"McDonalds-Rio Linda,CA",-121.45657,38.68375
"McDonalds-Rio Vista,CA",-121.69022,38.16093
"McDonalds-Ripon,CA",-121.138674,37.754149
"McDonalds-Riverbank,CA",-120.95884,37.73297
"McDonalds-Riverside,CA",-587.048709,169.741798
"McDonalds-Rocklin,CA",-242.479702,77.613079
"McDonalds-Rohnert Park,CA",-122.67761,38.33593
"McDonalds-Rosamond,CA",-118.176367,34.864329
"McDonalds-Roseville,CA",-485.0797,155.03845
"McDonalds-Sacramento,CA",-2307.561651,732.294816
"McDonalds-Salinas,CA",-851.48556,256.89204
"McDonalds-San Bernardino,CA",-351.876352,102.257881
"McDonalds-San Buenaventura,CA",-238.519434,68.452695
"McDonalds-San Diego,CA",-2460.165682,687.989644
"McDonalds-San Dimas,CA",-117.81995,34.10659
"McDonalds-San Francisco,CA",-1958.70358,604.35495
"McDonalds-San Gabriel,CA",-118.07281,34.1233
"McDonalds-San Jacinto,CA",-116.957191,33.783901
"McDonalds-San Jose,CA",-2681.203626,820.725227
"McDonalds-San Leandro,CA",-244.31153,75.41202
"McDonalds-San Luis Obispo,CA",-120.677221,35.263277
"McDonalds-San Marcos,CA",-234.29825,66.27501
"McDonalds-San Mateo,CA",-244.6436,75.08743
"McDonalds-San Pedro,CA",-118.3088,33.75175
"McDonalds-San Rafael,CA",-245.08207,75.97177
"McDonalds-San Ramon,CA",-121.97711,37.77483
"McDonalds-Sand City,CA",-121.84374,36.619
"McDonalds-Sanger,CA",-119.573456,36.706646
"McDonalds-Santa Ana,CA",-707.270183,202.449134
"McDonalds-Santa Barbara,CA",-478.937287,137.676034
"McDonalds-Santa Clara,CA",-487.83055,149.45754
"McDonalds-Santa Clarita,CA",-355.501199,103.21948
"McDonalds-Santa Cruz,CA",-244.06113,73.95046
"McDonalds-Santa Fe Springs,CA",-236.077996,67.843485
"McDonalds-Santa Maria,CA",-120.43578,34.929395
"McDonalds-Santa Monica,CA",-355.46526,102.06378
"McDonalds-Santa Paula,CA",-119.070985,34.346455
"McDonalds-Santa Rosa,CA",-613.61163,192.25495
"McDonalds-Saratoga,CA",-121.996131,37.292104
"McDonalds-Scotts Valley,CA",-122.03203,37.04733
"McDonalds-Seal Beach,CA",-118.104866,33.745614
"McDonalds-Sebastopol,CA",-122.83938,38.40859
"McDonalds-Shafter,CA",-119.27857,35.499717
"McDonalds-Shasta Lake City,CA",-120.195778,41.646064
"McDonalds-Signal Hill,CA",-118.16782,33.80418
"McDonalds-Soledad,CA",-121.321827,36.418189
"McDonalds-Sonoma,CA",-122.47655,38.30296
"McDonalds-South El Monte,CA",-118.04023,34.03615
"McDonalds-South Gate,CA",-118.19767,33.95351
"McDonalds-South Lake Tahoe,CA",-119.955998,38.949387
"McDonalds-South San Francisco,CA",-367.29067,112.94746
"McDonalds-Stockton,CA",-1334.3814,417.79257
"McDonalds-Studio City,CA",-118.39211,34.14314
"McDonalds-Suisun City,CA",-122.02011,38.24486
"McDonalds-Sunnyvale,CA",-488.10663,149.51304
"McDonalds-Sylmar,CA",-118.47795,34.30331
"McDonalds-Taft,CA",-119.485039,35.15465
"McDonalds-Tahoe City,CA",-120.137421,39.17418
"McDonalds-Tarzana,CA",-118.54526,34.17247
"McDonalds-Torrance,CA",-355.00866,101.47301
"McDonalds-Truckee,CA",-120.209376,39.320826
"McDonalds-Tulare,CA",-477.343943,144.81606
"McDonalds-Turlock,CA",-120.88071,37.5197
"McDonalds-Ukiah,CA",-123.21148,39.16785
"McDonalds-Union City,CA",-122.0169,37.58771
"McDonalds-Upland,CA",-117.68045,34.10676
"McDonalds-Vacaville,CA",-243.91988,76.73827
"McDonalds-Valencia,CA",-118.54205,34.42267
"McDonalds-Vallejo,CA",-488.93919,152.46462
"McDonalds-Van Nuys,CA",-236.92271,68.38688
"McDonalds-Venice,CA",-118.45094,33.99303
"McDonalds-Ventura,CA",-238.450849,68.540841
"McDonalds-Vernon,CA",-118.21989,34.0084
"McDonalds-Victorville,CA",-469.375098,137.932263
"McDonalds-Visalia,CA",-596.60549,181.629014
"McDonalds-Walnut Creek,CA",-122.06306,37.89827
"McDonalds-Walnut,CA",-117.83591,34.02791
"McDonalds-Wasco,CA",-119.349452,35.601692
"McDonalds-Watsonville,CA",-121.77435,36.91689
"McDonalds-West Altadena,CA",-118.15985,34.1825
"McDonalds-West Carson,CA",-118.2911,33.81049
"McDonalds-West Covina,CA",-353.75026,102.17525
"McDonalds-West Los Angeles,CA",-236.8962,68.07223
"McDonalds-West Sacramento,CA",-364.62681,115.75234
"McDonalds-Westlake Village,CA",-118.82758,34.16369
"McDonalds-Westley,CA",-121.26607,37.53994
"McDonalds-Westminster,CA",-118.00533,33.75906
"McDonalds-Wildomar,CA",-117.24377,33.59648
"McDonalds-Willows,CA",-122.211951,39.522209
"McDonalds-Wilmington,CA",-118.25976,33.79127
"McDonalds-Woodland Hills,CA",-237.2403,68.3421
"McDonalds-Woodland,CA",-243.52702,77.35578
"McDonalds-Yuba City,CA",-121.6441,39.14661
